motif_name	a_hot_motif	b_hot_not	c_idr_nonhot_motif	d_idr_nonhot_not	OR	logOR	SE	CI_low	CI_high	p_value	q_value
CLV_C14_Caspase3-7	390	20227	14081	1231880	1.6868172686987986	0.5228434803875434	0.0518205642937661	1.523903559923072	1.8671473528968665	9.652808414943218e-21	7.572091934388791e-20
CLV_MEL_PAP_1	23	20594	1172	1244789	1.186192729516964	0.1707487911817899	0.210667663327251	0.7849307128821372	1.792582668083449	0.4213956785333537	0.6071537735603014
CLV_NRD_NRD_1	752	19865	26982	1218979	1.710217543393818	0.5366205807819572	0.037656462011102	1.588537712252177	1.8412178843303864	8.099871288993123e-40	1.1437018260058287e-38
CLV_PCSK_FUR_1	126	20491	4088	1241873	1.867986312734692	0.6248610125499844	0.090723389928751	1.5636817992982823	2.2315108266464705	3.3239624675385377e-10	1.5238425338196151e-09
CLV_PCSK_KEX2_1	784	19833	25437	1220524	1.8967412291343253	0.6401372710705254	0.0369602942606349	1.7641960560949987	2.0392446054217155	1.7752643725699906e-56	3.298254334301088e-55
CLV_PCSK_PC1ET2_1	314	20303	12003	1233958	1.589937326615825	0.4636945982325094	0.0576028652604505	1.4201932903607226	1.77996947297519	5.788257376004008e-14	3.19258570895221e-13
CLV_PCSK_PC7_1	166	20451	4865	1241096	2.070694693851993	0.7278841518705763	0.0792423455941016	1.7728158434697123	2.418624884779271	1.3538570507445163e-16	9.01719884741159e-16
CLV_PCSK_SKI1_1	690	19927	56618	1189343	0.7273773388874905	-0.3183099004923557	0.038961026151595	0.6739000237755185	0.7850983446519171	1.1439065796792878e-17	8.240796380138544e-17
CLV_Separin_Fungi	0	20617	13	1245948	2.2382073840543586	0.805675270500252	1.440181717409723	0.1330432659691559	37.65370804409482	1.0	1.0
CLV_Separin_Metazoa	15	20602	1863	1244098	0.486209693694826	-0.7211152796295415	0.2593314059102274	0.2924665917087991	0.8082969916721061	0.0025032113113571	0.0058578064598905
CLV_TASPASE1	7	20610	33	1245928	12.823277902753883	2.551262105452534	0.4161844493858784	5.671993167662577	28.99094750479402	3.5196539585800173e-06	1.307829313030259e-05
DEG_APCC_DBOX_1	133	20484	14937	1231024	0.5351062367953345	-0.6252899783500048	0.0873806372263004	0.450879108592305	0.6350675362876005	2.7799577229734376e-15	1.6632628410332602e-14
DEG_APCC_KENBOX_2	10	20607	1469	1244492	0.4111076348150184	-0.8889002135771522	0.3173800024170185	0.2206968986140611	0.7657991048562499	0.0018994414590735	0.0045612437758704
DEG_APCC_TPR_1	0	20617	42	1245919	0.710943444675069	-0.3411623956969699	1.4225254714311908	0.0437478714601238	11.553489682056	1.0	1.0
DEG_Cend_DCAF12_1	0	20617	49	1245912	0.6104025583836424	-0.493636607697537	1.4213554535415676	0.03764732800268	9.896885198725714	1.0	1.0
DEG_Cend_FEM1AC_1	0	20617	100	1245861	0.3006337296179464	-1.2018626003135375	1.417744530548226	0.0186736492445539	4.840009480758321	0.4167752640646934	0.6045790804995528
DEG_Cend_FEM1B_2	0	20617	42	1245919	0.710943444675069	-0.3411623956969699	1.4225254714311908	0.0437478714601238	11.553489682056	1.0	1.0
DEG_Cend_KLHDC2_1	5	20612	41	1245920	7.371505114236083	1.9976219070924903	0.4737505271238186	2.9126720028769064	18.6560957071503	0.0008986275247313	0.0022821260160443
DEG_Cend_TRIM7_1	0	20617	41	1245920	0.7280751963839351	-0.3173509443835005	1.4227247417007092	0.0447845780797297	11.836518603475133	1.0	1.0
DEG_COP1_1	19	20598	1403	1244558	0.8182500055192232	-0.200587358855692	0.2310707450612176	0.520229083526126	1.286996618862784	0.4619848729385379	0.6575833070455802
DEG_CRBN_cyclicCter_1	16	20601	765	1245196	1.2641772259929005	0.2344214963335221	0.2526985040752129	0.770382933397909	2.0744800922188267	0.3215183990111954	0.4809152324192881
DEG_CRL4_CDT2_1	0	20617	37	1245924	0.8057391374641284	-0.2159952396506514	1.4236277504211807	0.0494741172263086	13.122327270070148	1.0	1.0
DEG_CRL4_CDT2_2	0	20617	31	1245930	0.9592178781702244	-0.0416370368163572	1.425410585355943	0.0586925906512587	15.67657735996792	1.0	1.0
DEG_Kelch_actinfilin_1	0	20617	13	1245948	2.2382073840543586	0.805675270500252	1.440181717409723	0.1330432659691559	37.65370804409482	1.0	1.0
DEG_Kelch_Keap1_1	18	20599	287	1245674	3.792703309402557	1.3330790390838512	0.2430827532697998	2.35522636218994	6.107522667068826	3.7393410369608993e-06	1.3608117381929867e-05
DEG_Kelch_Keap1_2	0	20617	0	1245961	60.43222990178246	4.101522570268241	2.0000123262317087	1.1990126313021832	3045.8848518848336	1.0	1.0
DEG_Kelch_KLHL12_1	0	20617	50	1245911	0.5983148987870777	-0.5136380770291111	1.4212147217465063	0.0369119869294068	9.698224015824968	1.0	1.0
DEG_Kelch_KLHL3_1	0	20617	6	1245955	4.648610683605227	1.5365683972370037	1.4676155691899662	0.2618566353319901	82.52447473913097	1.0	1.0
DEG_MDM2_SWIB_1	8	20609	1453	1244508	0.3324797093005258	-1.1011764454083814	0.3545949199668036	0.1659311246382124	0.6661966363307897	0.0003753223501397	0.0010432188157429
DEG_Nend_Nbox_1	9	20608	657	1245304	0.8277833319152557	-0.1890038352709791	0.3356821547056466	0.4287244566968215	1.59828821027882	0.7578649352187672	0.9835526548978856
DEG_Nend_UBRbox_1	0	20617	672	1245289	0.0449067927370682	-3.103166209772961	1.4147566201857689	0.0028057365625402	0.7187488878514735	4.063340388626364e-05	0.0001340522576808
DEG_Nend_UBRbox_2	9	20608	1096	1244865	0.4960419045682776	-0.7010948708091789	0.3347728304610634	0.257367663661411	0.9560547257072428	0.031192206419466	0.0611713825892862
DEG_Nend_UBRbox_3	0	20617	385	1245576	0.0783574013550814	-2.54647484935665	1.415147815264994	0.0048919486043366	1.2550995203993651	0.0037159920265426	0.0084628721636745
DEG_Nend_UBRbox_4	0	20617	56	1245905	0.5347744580759322	-0.6259101946631475	1.4204747164800549	0.0330398576430163	8.655718922894795	1.0	1.0
DEG_ODPH_VHL_1	32	20585	1251	1244710	1.5467138555368969	0.4361325871500395	0.1791612206198751	1.0886915852852352	2.197430184309753	0.0197406986136847	0.0399045104038609
DEG_SCF_COI1_1	0	20617	0	1245961	60.43222990178246	4.101522570268241	2.0000123262317087	1.1990126313021832	3045.8848518848336	1.0	1.0
DEG_SCF_FBW7_1	172	20445	3587	1242374	2.913817245681414	1.0694639898424598	0.0783738133110038	2.4989017010196544	3.3976250197300755	5.440901941642251e-32	6.859422804998981e-31
DEG_SCF_FBW7_2	19	20598	1109	1244852	1.0354156439326183	0.0348029344430109	0.231479251583497	0.6577723378331168	1.629873276872883	0.8138668976709693	1.0
DEG_SCF_FBXO31_1	0	20617	7	1245954	4.028792692292146	1.393466750999126	1.4606103650243665	0.2300796870916022	70.54586505502522	1.0	1.0
DEG_SCF_SKP2-CKS1_1	8	20609	195	1245766	2.479904348486036	0.9082199902742252	0.3608012338356799	1.222685381227329	5.029851237336843	0.0189638318781135	0.0386949864333761
DEG_SCF_TIR1_1	0	20617	0	1245961	60.43222990178246	4.101522570268241	2.0000123262317087	1.1990126313021832	3045.8848518848336	1.0	1.0
DEG_SCF_TRCP1_1	33	20584	769	1245192	2.595937001077004	0.9539475308574724	0.1779123518239557	1.8316905189593924	3.679054318296697	2.022687330097202e-06	7.595836463024599e-06
DEG_SIAH_1	9	20608	250	1245711	2.1761255822981367	0.7775460397815844	0.3393529706813284	1.11897626393019	4.232013405985743	0.0416192643406664	0.0802819689194276
DEG_SPOP_SBC_1	136	20481	5042	1240919	1.634287066034113	0.4912066640147718	0.087183179376636	1.377579029981443	1.938831933469812	1.4710389970468093e-07	6.181866261399091e-07
DOC_AGCK_PIF_1	12	20605	235	1245726	3.0871895377593748	1.1272611423262833	0.2960371381038956	1.7281100447224909	5.515122877247923	0.0008448622696789	0.0021769078919465
DOC_AGCK_PIF_2	6	20611	161	1245800	2.252551025789461	0.8120633632024769	0.4158451241384458	0.997011394689802	5.089195721141996	0.0566805775502955	0.1036696573847375
DOC_AGCK_PIF_3	4	20613	18	1245943	13.432116733237386	2.5976486104192347	0.5528154043030672	4.54546675163206	39.69268059667027	0.00040598069327	0.0011196186306588
DOC_ANK_TNKS_1	114	20503	2518	1243443	2.745728525673048	1.0100464407226737	0.0960137905781249	2.274725557794448	3.314257014813012	5.53956739568807e-20	4.2510158492997583e-19
DOC_CDC14_PxL_1	35	20582	4409	1241552	0.4788563881984577	-0.7363545423945931	0.1698458976789	0.3432650115050301	0.6680070290680119	1.3405139793582823e-06	5.143493855581236e-06
DOC_CKS1_1	436	20181	11594	1234367	2.300142875512065	0.8329712407936043	0.0492969692910431	2.0882975840942524	2.533478603847356	4.681739411172777e-51	8.263270060719952e-50
DOC_CYCLIN_D_Helix_1	3	20614	286	1245675	0.6338663519462976	-0.4559171481131717	0.5804129136471006	0.2032077429649161	1.9772206819849192	0.6386535485585496	0.8604759642792672
DOC_CYCLIN_RevRxL_6	494	20123	17374	1228587	1.735962423246224	0.551561970408396	0.0461774521839028	1.585744739435455	1.9004102362627224	2.7239556628788036e-28	2.828106908812405e-27
DOC_CYCLIN_RxL_1	157	20460	17545	1228416	0.5372619882346944	-0.62126942963738	0.0804742999884846	0.4588650790234055	0.6290529770019252	1.4982512406356534e-17	1.0370248783223248e-16
DOC_CYCLIN_yClb1_LxF_4	0	20617	573	1245388	0.0526629799280264	-2.943842538440076	1.4148473361501146	0.003289751275238	0.8430392521693153	0.0001769318586463	0.0005292961534082
DOC_CYCLIN_yClb3_PxF_3	9	20608	302	1245659	1.8013532647258443	0.5885381961683198	0.3383366622491556	0.9281131155756552	3.49620485895822	0.1078907681806165	0.1831030825372964
DOC_CYCLIN_yClb5_NLxxxL_5	9	20608	2166	1243795	0.2507823791099602	-1.3831697314238476	0.3340989680677346	0.1302885453112404	0.4827116729395701	2.498451322627882e-07	1.0022196782814118e-06
DOC_CYCLIN_yCln2_LP_2	101	20516	8985	1236976	0.6777536660448682	-0.3889713814776474	0.1003087113490481	0.5567848074961833	0.8250046079793718	4.436317304500856e-05	0.0001436715604118
DOC_GSK3_Axin_1	0	20617	1	1245960	20.14406046643224	3.002909479006791	1.6330082583214578	0.8205448506983131	494.5289361452236	1.0	1.0
DOC_MAPK_DCC_7	50	20567	5101	1240860	0.5913798431216819	-0.525296755469463	0.1422865681050118	0.4474553919830655	0.7815977304478678	8.466349381415267e-05	0.0002668411903249
DOC_MAPK_FxFP_2	8	20609	693	1245268	0.697529631102342	-0.3602102843217883	0.3556575979410025	0.3473927911388276	1.400569035041754	0.3709583884234542	0.5502029878717618
DOC_MAPK_gen_1	746	19871	46915	1199046	0.9594961314825718	-0.0413469953480632	0.0375893110887389	0.8913464938836985	1.032856282766894	0.2763816931885094	0.4223495138335231
DOC_MAPK_GRA24_9	0	20617	7	1245954	4.028792692292146	1.393466750999126	1.4606103650243665	0.2300796870916022	70.54586505502522	1.0	1.0
DOC_MAPK_HePTP_8	221	20396	4213	1241748	3.1936644237592	1.1611689797018308	0.0693691715843362	2.7876679982384878	3.658790235433412	2.9981639720349583e-46	4.6015299222971315e-45
DOC_MAPK_JIP1_4	19	20598	1116	1244845	1.0289153155767985	0.028505155677896	0.2314670343929313	0.6536585022390407	1.619602166884004	0.8149408870143181	1.0
DOC_MAPK_MEF2A_6	446	20171	37620	1208341	0.7101958820927429	-0.3422144567260297	0.0481574270179724	0.6462279241398778	0.7804958159504031	7.70441194497419e-14	4.120693055418013e-13
DOC_MAPK_NFAT4_5	4	20613	3980	1241981	0.060555091959092	-2.804201717405834	0.5003004842302043	0.0227136170001165	0.1614414455502741	6.231345193277932e-23	5.115499658667699e-22
DOC_MAPK_RevD_3	28	20589	5621	1240340	0.3000889072118755	-1.2036764908581896	0.1895826095845437	0.2069540676719226	0.4351369037808729	7.332360033407475e-15	4.243152609496456e-14
DOC_MIT_MIM_1	0	20617	406	1245555	0.0743081646895043	-2.599534445146232	1.4151004663770796	0.0046395803472121	1.190129909667453	0.0025057472392166	0.0058578064598905
DOC_PIKK_1	0	20617	485	1245476	0.0622128797077163	-2.777193231416993	1.4149590233028362	0.0038854638114935	0.996133946757575	0.0008392086902907	0.0021769078919465
DOC_PP1_MyPhoNE_1	0	20617	20	1245941	1.4739331671235956	0.3879344515747497	1.4313733939460145	0.0891390828347267	24.37178970278389	1.0	1.0
DOC_PP1_RVXF_1	110	20507	16372	1229589	0.4028550267336744	-0.9091785169078384	0.0959247939796158	0.3338073953029272	0.4861850721351181	2.2656566786358504e-28	2.4235660835104705e-27
DOC_PP1_SILK_1	12	20605	416	1245545	1.743711851119034	0.556016088853762	0.2928933496314113	0.9821071363520688	3.0959260015426557	0.0798206043756107	0.1423064310332858
DOC_PP2A_B56_1	184	20433	19725	1226236	0.5598126889967812	-0.5801530351394898	0.0743991642211284	0.4838523905356745	0.647698043642714	1.1900450151229e-17	8.401717806767673e-17
DOC_PP2B_LxvP_1	32	20585	1549	1244412	1.248854605124197	0.2222268153395194	0.1787315317646201	0.8797768467386079	1.7727652535089975	0.23098079432567	0.3623832017642734
DOC_PP2B_PxIxIT_1	149	20468	8735	1237226	1.031090982738325	0.0306174482201582	0.0829189747695566	0.8764253536833025	1.2130509577527069	0.7048429400512979	0.9227489392672592
DOC_PP4_FxxP_1	182	20435	10218	1235743	1.0771073925828247	0.0742791077646679	0.0751140258803729	0.9296525331093108	1.2479504910036714	0.3118280636785379	0.4684055594830803
DOC_PP4_MxPP_1	1	20616	554	1245407	0.1090428344883718	-2.2160144969906748	1.0009267521236165	0.0153317270975949	0.775538181547964	0.0021146253503487	0.0050436672207643
DOC_PUB_PIM_1	32	20585	919	1245042	2.106044763042276	0.7448116684917283	0.17996533424526	1.4800555389226515	2.9967960169700043	0.0001582769747872	0.0004858414965208
DOC_RSK_DDVF_1	0	20617	221	1245740	0.1363916723531178	-1.9922245885662284	1.4158262527257306	0.0085037839504081	2.187577717844928	0.0560778707937246	0.1036413004721716
DOC_SPAK_OSR1_1	14	20603	1045	1244916	0.8095083472537445	-0.2113281943008796	0.2691372310096518	0.4776690419858006	1.3718782392704632	0.5420941198694735	0.7533827728894652
DOC_TBK1_STING_1	0	20617	4	1245957	6.714670654648828	1.9042947825547976	1.4907285223351598	0.3614855822797935	124.72641845368123	1.0	1.0
DOC_USP7_MATH_1	1028	19589	44453	1201508	1.418425204207458	0.349547245083789	0.0323595374050425	1.3312555929847956	1.5113026157659477	7.8876703041689485e-25	6.791091749686926e-24
DOC_USP7_MATH_2	79	20538	2134	1243827	2.241994312688766	0.8073657879334438	0.1147881771462318	1.7902959846332611	2.807657807018122	3.701820922229719e-10	1.675311263521911e-09
DOC_USP7_UBL2_3	474	20143	25069	1220892	1.1460258838165864	0.1363002042648706	0.0469047828740496	1.0453657559070182	1.2563787544752982	0.0043911513164982	0.0098730981829546
DOC_WD40_RPTOR_TOS_1	7	20610	168	1245793	2.518585233705321	0.923697328674511	0.385822299312718	1.1823282905720691	5.365067917278116	0.0253309967019448	0.0508059195215143
DOC_WW_Pin1_4	2458	18159	66309	1179652	2.4080826012193115	0.8788308296901859	0.0218593813613853	2.307088735917311	2.513497519196853	2.3376849737748695e-287	4.1260139787126455e-285
LIG_14-3-3_CanoR_1	1757	18860	62730	1183231	1.75721266587315	0.5637288410795959	0.0252776722093024	1.6722743791294858	1.8464651445012248	1.7369558282646402e-95	5.109545061478483e-94
LIG_14-3-3_ChREBP_3	0	20617	2	1245959	12.086426579362191	2.4920830526468167	1.549209251547401	0.5802088927406024	251.7743338408681	1.0	1.0
LIG_14-3-3_CterR_2	7	20610	316	1245645	1.3388356088662872	0.2918002876008818	0.3821923897096449	0.6329924424099418	2.831757012364938	0.3780476695256448	0.5583716625211407
LIG_ActinCP_CPI_1	0	20617	19	1245942	1.5495207270398248	0.4379456747549898	1.4322469606785906	0.0935500802740724	25.665552359675228	1.0	1.0
LIG_ActinCP_TwfCPI_2	0	20617	202	1245759	0.1491911911102728	-1.9025266337713205	1.4159758390643002	0.0092990849295378	2.39357008496621	0.0850321996286881	0.1500818323446346
LIG_Actin_RPEL_3	20	20597	792	1245169	1.526613662968472	0.4230519902756765	0.2265214782891047	0.979287407344936	2.379841973339214	0.0693691834819823	0.1255760090725116
LIG_Actin_WH2_1	0	20617	191	1245770	0.1577623131253361	-1.8466657259296724	1.4160759998378285	0.0098313926086821	2.531579038017166	0.0814789645175014	0.1445330375611961
LIG_Actin_WH2_2	160	20457	24962	1220999	0.3825726919944958	-0.9608365993416472	0.0796226281717238	0.327293829444028	0.4471879745137246	7.523823698251771e-46	1.1066290689511981e-44
LIG_ANK_PxLPxL_1	0	20617	434	1245527	0.0695180435247018	-2.6661689410461284	1.4150444520688434	0.0043409760184879	1.1132884298185397	0.0017482681221475	0.0042561286008143
LIG_AP2alpha_1	0	20617	517	1245444	0.0583644001127038	-2.841049162132956	1.4149140159605798	0.0036454311564838	0.9344308133366016	0.000364475295008	0.0010211093582367
LIG_AP2alpha_2	0	20617	471	1245490	0.0640608539034921	-2.7479218051445367	1.4149806345517268	0.0040007083386958	1.025766603166655	0.0007828125403718	0.0020621852742631
LIG_APCC_ABBA_1	45	20572	5349	1240612	0.5073403192529876	-0.6785732594423665	0.1498618993232761	0.3782111724357455	0.6805568378164509	6.193343230906404e-07	2.429166845011067e-06
LIG_APCC_ABBAyCdc20_2	15	20602	2096	1243865	0.4320796830293657	-0.8391452562902401	0.2592163359548778	0.2599647394244437	0.7181468259891363	0.0002812405282892	0.0008006282781138
LIG_APCC_Cbox_1	7	20610	20	1245941	21.15862930616206	3.052047827300355	0.4392111856490248	8.945887266954246	50.04395659772288	2.017729476359117e-07	8.379511825350216e-07
LIG_APCC_Cbox_2	7	20610	355	1245606	1.1917149476187547	0.1753934021414009	0.3817373013258334	0.5639375793855917	2.518336369647963	0.5350808460281065	0.7495378517774666
LIG_AP_GAE_1	0	20617	39	1245922	0.7649409912004825	-0.2679565838163549	1.423153456518339	0.0470127066953007	12.446309969157005	1.0	1.0
LIG_Arc_Nlobe_1	557	20060	26823	1219138	1.2620303091768574	0.2327217806110173	0.0433968233210397	1.1591233734746638	1.374073319310775	2.044899917917745e-07	8.393600825871674e-07
LIG_ARL_BART_1	0	20617	5	1245956	5.493817035395791	1.7036232844967305	1.4771145815068554	0.3037588055578487	99.36181294555776	1.0	1.0
LIG_ARS2_EDGEI_1	6	20611	82	1245879	4.422972104642205	1.4868118919800712	0.4229788517713587	1.9304890073512744	10.133537235357815	0.0032315114439457	0.0074072957124211
LIG_BH_BH3_1	0	20617	175	1245786	0.1721474130107572	-1.7594041168402472	1.4162440859151078	0.0107243059962743	2.7633239686177675	0.1243891275648609	0.2061472395793236
LIG_BIR_II_1	52	20565	3926	1242035	0.799941390808984	-0.2232168154867337	0.1397673525653734	0.608255152388136	1.0520358540605976	0.1164079090240668	0.1966124013660077
LIG_BIR_III_1	5	20612	285	1245676	1.060254459163628	0.0585089351299325	0.4511741239640154	0.4378878954444063	2.5671856424244925	0.8145156770763604	1.0
LIG_BIR_III_2	43	20574	940	1245021	2.768206877509105	1.0181997739471078	0.1561058998741161	2.0385366258886566	3.7590540289401	1.1787569001150551e-08	5.137051675810055e-08
LIG_BIR_III_3	10	20607	642	1245319	0.9413059742727232	-0.0604870336173569	0.3187584706409387	0.5039623903212661	1.75818067819838	1.0	1.0
LIG_BIR_III_4	20	20597	1079	1244882	1.1202959589524248	0.1135928994640335	0.2257789585150042	0.7196906160677674	1.7438924554866702	0.5516071064051851	0.7606144865665248
LIG_BRCT_BRCA1_1	275	20342	17272	1228689	0.96169727340568	-0.0390555624495023	0.0611901467662616	0.8530063816402293	1.0842376629088293	0.5479549786091462	0.7585415978393278
LIG_BRCT_BRCA1_2	19	20598	1325	1244636	0.866472986019892	-0.143324346284884	0.2311615188110102	0.550790410089909	1.3630873409355002	0.6651054890988282	0.8893266577722967
LIG_BRCT_MDC1_1	5	20612	30	1245931	10.074479267740475	2.310005420912929	0.4830969378643422	3.908428686239994	25.96827028556417	0.0002467724578177	0.0007158281329848
LIG_CaM_IQ_9	26	20591	3264	1242697	0.4807408302789815	-0.7324269684778245	0.1970210156783881	0.3267407750858065	0.7073244710172197	4.254877509560759e-05	0.0001390714593402
LIG_CaMK_CASK_1	0	20617	135	1245826	0.2229729965542652	-1.5007046065391174	1.4168378096897607	0.0138744437043851	3.583347790490148	0.2879199089841753	0.4343407173992046
LIG_CaM_NSCaTE_8	0	20617	404	1245557	0.0746756920859561	-2.594600646948942	1.4151047640458896	0.0046624883882135	1.1960263542132203	0.0024876878693458	0.0058578064598905
LIG_CAP-Gly_1	17	20600	45	1245916	22.848513484358143	3.12888605983488	0.2847720104673825	13.07540414623021	39.92645753863067	1.4490416651315484e-16	9.472439033174753e-16
LIG_CAP-Gly_2	0	20617	3	1245958	8.63315491347503	2.155610013430976	1.511874198071714	0.4458987303279202	167.1486341870644	1.0	1.0
LIG_Clathr_ClatBox_1	31	20586	3838	1242123	0.4873594129726982	-0.7187534137805421	0.1804660595874432	0.3421633957808804	0.694168927307464	1.0274487306159472e-05	3.626894019074294e-05
LIG_Clathr_ClatBox_2	0	20617	34	1245927	0.8758055190908244	-0.1326112228639434	1.4244419301421345	0.0536905964243222	14.28621319845266	1.0	1.0
LIG_CNOT1_NIM_1	0	20617	16	1245945	1.83125617763668	0.6050021672310272	1.4354982987433798	0.1098571384876639	30.526001626276397	1.0	1.0
LIG_CORNRBOX	0	20617	141	1245820	0.2135172828667539	-1.544037499394179	1.4167273707311487	0.013288940300704	3.430644509734613	0.1803886816547831	0.2894418392006294
LIG_CSK_EPIYA_1	0	20617	10	1245951	2.877702136996426	1.0569921065824344	1.447510760002601	0.1686163972133485	49.11248091012003	1.0	1.0
LIG_CSL_BTD_1	12	20605	870	1245091	0.8334709519785121	-0.1821564280542409	0.2907440346500118	0.4714158169194296	1.4735904118183096	0.6881574170131128	0.9166776158702974
LIG_CtBP_PxDLS_1	12	20605	1686	1244275	0.4298010105345332	-0.8444329436026119	0.2897857635118122	0.243554865847309	0.7584693823046726	0.0014156907620381	0.0034946771958005
LIG_CtBP_RRT_2	0	20617	11	1245950	2.627465059758226	0.9660195257769264	1.4446473018785542	0.1548204553728177	44.59083022089066	1.0	1.0
LIG_DCNL_PONY_1	0	20617	125	1245836	0.2407417015580215	-1.4240306980235355	1.4170453177825109	0.0149740059041952	3.870478430412122	0.2762560779673224	0.4223495138335231
LIG_deltaCOP1_diTrp_1	74	20543	9166	1236795	0.4860553430185433	-0.7214327870411029	0.1169277523962042	0.3865047266212708	0.6112468495330223	4.408975526741026e-12	2.2556063202022928e-11
LIG_DLG_GKlike_1	91	20526	1216	1244745	4.538202631002015	1.5125310374105818	0.1089077659567883	3.665892465764495	5.618081630154586	5.011977569919995e-30	5.528837756817994e-29
LIG_Dynein_DLC8_1	7	20610	118	1245843	3.5859262822885056	1.277016817885335	0.389077167067849	1.6726773904283634	7.687595573175278	0.0045541785270152	0.0101748418989644
LIG_EABR_CEP55_1	0	20617	14	1245947	2.083846581620066	0.7342155039163933	1.438407043339669	0.1242993759454755	34.93514382272086	1.0	1.0
LIG_EF_ALG2_ABM_1	11	20606	56	1245905	11.876702867403392	2.474578739000285	0.3298720448145711	6.221615073493788	22.671937966965388	1.1775625960699268e-08	5.137051675810055e-08
LIG_EF_ALG2_ABM_2	14	20603	262	1245699	3.230794966863568	1.172728226724065	0.2743988059462461	1.8868458396863208	5.532002614292133	0.000211169914856	0.0006264115961697
LIG_EH_1	10	20607	562	1245399	1.075368785129332	0.0726636586836556	0.3191060788916735	0.5753456686483936	2.0099534715316465	0.7404634791495516	0.9645151591874233
LIG_EH1_1	32	20585	3904	1242057	0.4945734798138068	-0.7040595447949783	0.1776387675014578	0.3491577234902103	0.7005513854600329	1.2205390916731842e-05	4.224022542751314e-05
LIG_eIF4E_1	56	20561	5295	1240666	0.6381646009784377	-0.4491590336483932	0.1345192999358903	0.4902612525348737	0.8306878339584863	0.0004218043147051	0.0011542397138831
LIG_eIF4E_2	0	20617	18	1245943	1.633279915055106	0.4905902108453464	1.4332143451502355	0.0984201316757326	27.104244177516826	1.0	1.0
LIG_EVH1_1	11	20606	1140	1244821	0.5829093808480241	-0.5397235406512711	0.3030439188870085	0.3218435819931823	1.0557406308255186	0.0790171222718653	0.1415890566597385
LIG_EVH1_2	23	20594	969	1244992	1.4349273431509353	0.3611142159791762	0.2110914817419743	0.9487356379665036	2.170274202553882	0.1003381550218082	0.1727774084034064
LIG_EVH1_3	0	20617	3	1245958	8.63315491347503	2.155610013430976	1.511874198071714	0.4458987303279202	167.1486341870644	1.0	1.0
LIG_FAT_LD_1	0	20617	437	1245524	0.069041182074867	-2.673052110759287	1.4150388756659935	0.0043112460623155	1.1056397044836737	0.0017821485456907	0.0043088934015674
LIG_FERM_MyoX_1	0	20617	2	1245959	12.086426579362191	2.4920830526468167	1.549209251547401	0.5802088927406024	251.7743338408681	1.0	1.0
LIG_FHA_1	1293	19324	86173	1159788	0.9005522059247201	-0.1047471416715392	0.0289415119624679	0.8508899262618911	0.9531130297413672	0.0002559729551942	0.0007346215705981
LIG_FHA_2	1004	19613	51946	1194015	1.1766501540691956	0.1626715488096714	0.0326663557441481	1.103674968096841	1.2544504723691254	1.0689256015475698e-06	4.146491619190024e-06
LIG_FXI_DFP_1	12	20605	297	1245664	2.442604153645163	0.8930647462549868	0.2945329716598243	1.371328697191022	4.350754901888787	0.0052883065232117	0.0116652075428575
LIG_FZD_DVL_PDZ	0	20617	5	1245956	5.493817035395791	1.7036232844967305	1.4771145815068554	0.3037588055578487	99.36181294555776	1.0	1.0
LIG_G3BP_FGDF_1	0	20617	42	1245919	0.710943444675069	-0.3411623956969699	1.4225254714311908	0.0437478714601238	11.553489682056	1.0	1.0
LIG_GBD_Chelix_1	58	20559	5346	1240615	0.6546875473974176	-0.4235971840345722	0.1322039394377944	0.5052424300807578	0.8483368759206075	0.0008138925667016	0.0021281783410792
LIG_GLEBS_BUB3_1	0	20617	23	1245938	1.2857683903108543	0.2513565087483976	1.4291964513610254	0.078091931610365	21.169925233391695	1.0	1.0
LIG_GSK3_LRP6_1	13	20604	251	1245710	3.131374714691999	1.1414721141012356	0.2845285182338378	1.7928315084828976	5.469285628580828	0.0004625532110708	0.0012560098731384
LIG_GYF	0	20617	3	1245958	8.63315491347503	2.155610013430976	1.511874198071714	0.4458987303279202	167.1486341870644	1.0	1.0
LIG_HCF-1_HBM_1	4	20613	378	1245583	0.6394397946331193	-0.4471628068311971	0.5026875953877126	0.2387279896565846	1.7127579030369802	0.5402398584616259	0.7533827728894652
LIG_HOMEOBOX	0	20617	15	1245946	1.949403302080522	0.6675233268153633	1.4368595735564038	0.1166331853165617	32.58226399157447	1.0	1.0
LIG_HP1_1	0	20617	299	1245662	0.1008643199641778	-2.29397903195813	1.4154109662691698	0.0062938360717214	1.6164404229634577	0.0181649616158682	0.0372804154093109
LIG_IBAR_NPY_1	0	20617	268	1245693	0.112512534889387	-2.184690642305552	1.415547138048496	0.0070187998796043	1.8035947347666972	0.0256476187565832	0.0511503357122818
LIG_Integrin_collagen_1	6	20611	44	1245917	8.243063059884175	2.109372005415158	0.435250801030153	3.5123328115649364	19.34557237443353	0.0001598644066241	0.0004864839270544
LIG_Integrin_isoDGR_2	12	20605	451	1245510	1.6083453362825526	0.4752059090685995	0.2925747135814113	0.9064308541249576	2.8538025917476477	0.0986741617858407	0.171586103992127
LIG_Integrin_KxxGD_FGGC_5	0	20617	0	1245961	60.43222990178246	4.101522570268241	2.0000123262317087	1.1990126313021832	3045.8848518848336	1.0	1.0
LIG_Integrin_RGD_1	11	20606	589	1245372	1.12871108963763	0.1210763530730483	0.3043948362009226	0.6215508669781079	2.049693422623507	0.6272697918567938	0.8558532777844523
LIG_Integrin_RGDSP_6	0	20617	69	1245892	0.4347401671242126	-0.8330067433141292	1.4193089143424176	0.0269209034175255	7.020530105544297	0.6320544248521351	0.8558532777844523
LIG_Integrin_RGD_TGFB_3	0	20617	30	1245931	0.990668439790326	-0.009375371985471	1.4257756451644126	0.0605736295528811	16.202165279526614	1.0	1.0
LIG_Integrin_RGDW_4	0	20617	18	1245943	1.633279915055106	0.4905902108453464	1.4332143451502355	0.0984201316757326	27.104244177516826	1.0	1.0
LIG_IRF7_LxLS_2	34	20583	5471	1240490	0.3745387837428734	-0.9820599199907832	0.172174146034822	0.2672632246209799	0.5248731871978586	2.482690020717854e-11	1.200533667552606e-10
LIG_IRFs_LxIS_1	20	20597	2141	1243820	0.5641140222191044	-0.5724988808619337	0.2247585953786967	0.3631186176155932	0.8763655032447194	0.0080518729723141	0.0170198273007597
LIG_KEPE_1	7	20610	135	1245826	3.134322425287976	1.1424130184403989	0.3877033312736901	1.4659661147977745	6.701367082429657	0.0089704286555652	0.0188485792584198
LIG_KEPE_2	9	20608	217	1245744	2.5071235366516875	0.9191360946480548	0.3402480471947678	1.2869176263123483	4.884281868175506	0.0125085582963154	0.0259736534035255
LIG_KEPE_3	0	20617	151	1245810	0.1994221321004417	-1.612331434131063	1.4165627290176936	0.012415688766262	3.2031397951560514	0.1854926047559054	0.2949499526073632
LIG_KLC1_WD_1	52	20565	4894	1241067	0.6412182767746988	-0.444385354637533	0.1395870091762554	0.487738492579725	0.842994524166465	0.0008665227047803	0.002216539962228
LIG_KLC1_Yacidic_2	26	20591	303	1245658	5.191012831553662	1.6469288287267725	0.204477960157339	3.476938018829538	7.750099101975357	6.709616978445819e-11	3.1579930578551655e-10
LIG_LEDGF_IBM_1	103	20514	241	1245720	25.953161427657744	3.256293429846916	0.117930765295092	20.59707612142504	32.70204878203169	7.107830413286876e-97	2.509064135890268e-95
LIG_LIR_Apic_2	783	19834	18515	1227446	2.617159142459513	0.962089432726802	0.0371804067116453	2.4332208577415213	2.815002162737105	3.452218233687522e-114	1.523291295614619e-112
LIG_LIR_Gen_1	1048	19569	82303	1163658	0.7571855949572813	-0.278146883920268	0.0319109587638807	0.7112776898173667	0.8060565281585379	1.3293165507299645e-19	9.984015795908032e-19
LIG_LIR_LC3C_4	6	20611	1265	1244696	0.2864342556250423	-1.250246243418731	0.4092755815968635	0.1284229220078742	0.6388624515991119	0.0003244933567552	0.0009163692394767
LIG_LIR_Nem_3	1360	19257	86511	1159450	0.9465225623023624	-0.0549604710021194	0.028277994763466	0.8954890004107847	1.0004645065840605	0.0530392513997496	0.0990627288048233
LIG_LRP6_Inhibitor_1	0	20617	615	1245346	0.0490677505061289	-3.014553272479956	1.414805287255013	0.0030654170954759	0.7854213846738803	8.086898432960521e-05	0.0002595159224395
LIG_LSD1_SNAG_1	0	20617	8	1245953	3.55481422834685	1.2683028054472711	1.4552306909584654	0.2051632349124225	61.59341464591064	1.0	1.0
LIG_LYPXL_L_2	0	20617	108	1245853	0.2784653992318949	-1.2784614670750438	1.4174857653641877	0.0173054539975421	4.480840466848876	0.4275194043531699	0.6134729664092236
LIG_LYPXL_S_1	4	20613	625	1245336	0.3866564983262989	-0.9502185813276054	0.5016466047631666	0.1446488892219553	1.0335595973264	0.0555918881864459	0.1032838764727126
LIG_LYPXL_SIV_4	3	20614	485	1245476	0.3737253933119219	-0.984233993737127	0.5791757096341167	0.1201014610585591	1.1629389715588063	0.1023350939745885	0.1745134694349263
LIG_LYPXL_yS_3	14	20603	1488	1244473	0.568303224971413	-0.565100155925828	0.2686074358858936	0.3356888028239366	0.9621070253043268	0.0314317576964007	0.0613006103139748
LIG_MAD2	29	20588	1250	1244711	1.4026275111715565	0.3383472713383773	0.1879684388500175	0.9703767616675688	2.027422762798284	0.0760321466231873	0.136935447744822
LIG_Menin_MBM1_1	20	20597	107	1245854	11.306010901687436	2.4253345224917493	0.243711197556889	7.01226371380634	18.228904063804773	3.222280796644657e-14	1.8346211632509095e-13
LIG_MLH1_MIPbox_1	25	20592	1313	1244648	1.1508621276328816	0.1405113377108242	0.2020172780025809	0.7745736522178446	1.709951833537425	0.4491165709098894	0.6418548564015829
LIG_MSH2_SHIPbox_1	62	20555	11366	1234595	0.3276355890876668	-1.1158532971049249	0.1275400874376537	0.2551683211905034	0.4206834090376009	2.676131762316762e-26	2.422242338712351e-25
LIG_MTR4_AIM_1	44	20573	2438	1243523	1.0908754583161258	0.0869805466374946	0.1522723105641474	0.8093909869539307	1.470252677306068	0.5257213842499577	0.739361149961096
LIG_Mtr4_Air2_1	0	20617	1	1245960	20.14406046643224	3.002909479006791	1.6330082583214578	0.8205448506983131	494.5289361452236	1.0	1.0
LIG_Mtr4_Trf4_1	0	20617	10	1245951	2.877702136996426	1.0569921065824344	1.447510760002601	0.1686163972133485	49.11248091012003	1.0	1.0
LIG_Mtr4_Trf4_2	0	20617	1	1245960	20.14406046643224	3.002909479006791	1.6330082583214578	0.8205448506983131	494.5289361452236	1.0	1.0
LIG_MYND_1	62	20555	3636	1242325	1.0305891328612309	0.0301306123786432	0.1282712542492406	0.8014913927238198	1.3251720110956322	0.7944691351939626	1.0
LIG_MYND_2	0	20617	88	1245873	0.3414009134634816	-1.0746977929854182	1.4182202720888275	0.0211861094583515	5.501462358760437	0.4091543259892515	0.6017978211425241
LIG_MYND_3	8	20609	434	1245527	1.1140289699390875	0.1079831464982768	0.3568661833637543	0.5535104911045294	2.2421626433620254	0.7048307680852299	0.9227489392672592
LIG_NBox_RRM_1	0	20617	145	1245816	0.2076467252280012	-1.571917079663003	1.4166588006312109	0.0129253041247884	3.335872183867754	0.1818598515106014	0.2904820252635399
LIG_NRBOX	58	20559	10134	1235827	0.3440351260615894	-1.0670115161775204	0.1318692788398481	0.2656766522432112	0.4455045897516881	2.6069431782682197e-22	2.091479413474277e-21
LIG_Nrd1CID_NIM_1	0	20617	391	1245570	0.0771561499742698	-2.5619239888422896	1.4151337688526344	0.00481708562554	1.2358243015837118	0.0038502281721871	0.0087123752870644
LIG_NRP_CendR_1	0	20617	130	1245831	0.2315169524085619	-1.4631021795902237	1.4169375922783478	0.0144032722237293	3.721383475918907	0.2814191004201738	0.428193717449661
LIG_OCRL_FandH_1	0	20617	712	1245249	0.0423843481627556	-3.1609761320006102	1.4147271165527295	0.0026482896023423	0.678337054826926	1.815831891867644e-05	6.163352479127676e-05
LIG_PALB2_WD40_1	18	20599	498	1245463	2.185384481759262	0.7817917772595528	0.2400269498290801	1.3652519025378584	3.498186176658166	0.0026376742526004	0.0061256513892629
LIG_PAM2_1	3	20614	323	1245638	0.5612396036118409	-0.5776073637287015	0.5800677737022258	0.1800464870251005	1.7494920221268362	0.5052044401191045	0.7133486694481755
LIG_PAM2_2	0	20617	3	1245958	8.63315491347503	2.155610013430976	1.511874198071714	0.4458987303279202	167.1486341870644	1.0	1.0
LIG_PCNA_APIM_2	0	20617	122	1245839	0.2466380106062068	-1.3998335614187427	1.4171141698760503	0.0153386830970849	3.9658103561281455	0.2738499352941448	0.4221354897765638
LIG_PCNA_PIPBox_1	8	20609	3063	1242898	0.1575148703689912	-1.8482354101320544	0.3540844593755184	0.0786898619721304	0.3153002656955658	3.504399596107265e-13	1.846347846904275e-12
LIG_PCNA_TLS_4	0	20617	354	1245607	0.0852116502423499	-2.4626171145612346	1.415227960357607	0.005319032160685	1.3651027325409872	0.005320392108782	0.0116652075428575
LIG_PCNA_yPIPBox_3	86	20531	11183	1234778	0.4625076350237334	-0.7710922140064919	0.1084750898398	0.3739237459863753	0.5720773680499054	8.456278859637368e-16	5.2369586621964736e-15
LIG_PDZ_Class_1	14	20603	970	1244991	0.8721517384866883	-0.1367918581854752	0.2692746536589755	0.5144946205966944	1.4784384996351891	0.7057853076548442	0.9227489392672592
LIG_PDZ_Class_2	26	20591	1116	1244845	1.4084680313231466	0.3425026111105381	0.1985118737735079	0.9544875670797196	2.078374055021728	0.0993122911796023	0.171849209737253
LIG_PDZ_Class_3	11	20606	487	1245474	1.365226451656492	0.3113203135267086	0.3049783786780711	0.7509341541070788	2.482032884119961	0.2850202716518374	0.431811827867376
LIG_PDZ_Wminus1_1	0	20617	39	1245922	0.7649409912004825	-0.2679565838163549	1.423153456518339	0.0470127066953007	12.446309969157005	1.0	1.0
LIG_Pex14_1	44	20573	5026	1240935	0.5280579677167573	-0.6385492139597214	0.1515772125001747	0.3923344749974942	0.710733404886055	3.6494124212363936e-06	1.3419193590587993e-05
LIG_Pex14_2	77	20540	12856	1233105	0.3595708534472782	-1.0228440323746304	0.1145176586018822	0.2872797948333128	0.4500532267639014	1.985763223602652e-26	1.8945254538695567e-25
LIG_Pex14_3	0	20617	14	1245947	2.083846581620066	0.7342155039163933	1.438407043339669	0.1242993759454755	34.93514382272086	1.0	1.0
LIG_Pex14_4	0	20617	4	1245957	6.714670654648828	1.9042947825547976	1.4907285223351598	0.3614855822797935	124.72641845368123	1.0	1.0
LIG_Pex3_1	11	20606	138	1245823	4.81921439794516	1.5726109268003423	0.3133764508660898	2.607503064361917	8.906922385169	3.738594348944546e-05	0.0001245022457714
LIG_PROFILIN_1	5	20612	405	1245556	0.7460331150738033	-0.29298528958423	0.4500205040714066	0.3088111118328701	1.8022842684752172	0.6947346905301517	0.9196589886467632
LIG_PTAP_UEV_1	16	20601	634	1245327	1.525547824161548	0.422353574510493	0.25323236641696	0.9286885366933412	2.5060028974736035	0.1169883012956642	0.1966517636065214
LIG_PTB_Apo_2	127	20490	9197	1236764	0.8334938722405767	-0.182128928659253	0.0896234328313613	0.6992192965306254	0.9935538657322548	0.0439793576063902	0.0843734414948683
LIG_PTB_Phospho_1	67	20550	3396	1242565	1.1929284917994265	0.1764112015032446	0.1235690244238826	0.9363330095291332	1.5198421630595902	0.1573352592685111	0.2555714718225398
LIG_RBL1_LxSxE_2	5	20612	410	1245551	0.736932191998031	-0.3052593964556397	0.4499870472310069	0.3050639021639305	1.7801813054603774	0.6956060905628492	0.9196589886467632
LIG_RB_LxCxE_1	35	20582	2955	1243006	0.7153131520798898	-0.3350348572342481	0.1701741128711172	0.5124377091586351	0.9985075188525387	0.0502344465876462	0.0948275916868401
LIG_RB_pABgroove_1	45	20572	1478	1244483	1.841834198223106	0.6107619219593899	0.1514867172925183	1.3686816209884478	2.478555393543043	0.0002233598814586	0.0006570503179574
LIG_REV1ctd_RIR_1	20	20597	4601	1241360	0.2619820526381196	-1.3394792789485896	0.2242023648036435	0.1688210646604124	0.4065523223807563	4.6820824831244375e-14	2.623452565941153e-13
LIG_RPA_C_Fungi	28	20589	1501	1244460	1.127516815007878	0.1200177058159768	0.1908661348132446	0.7756298124619021	1.639047581333078	0.4797068579281099	0.6800663487896499
LIG_RPA_C_Insects	0	20617	79	1245882	0.3800528189019372	-0.9674450388105476	1.418671181592783	0.0235638727686531	6.129728613517906	0.6424918189294264	0.862355939475618
LIG_RPA_C_Plants	0	20617	42	1245919	0.710943444675069	-0.3411623956969699	1.4225254714311908	0.0437478714601238	11.553489682056	1.0	1.0
LIG_RPA_C_Vert	0	20617	8	1245953	3.55481422834685	1.2683028054472711	1.4552306909584654	0.2051632349124225	61.59341464591064	1.0	1.0
LIG_RRM_PRI_1	0	20617	847	1245114	0.0356289960450443	-3.334595476998416	1.4146480999272188	0.0022265415921805	0.5701332342660613	1.8361839583029112e-06	6.969601476139008e-06
LIG_Rrp6Rrp47_Mtr4_1	0	20617	2	1245959	12.086426579362191	2.4920830526468167	1.549209251547401	0.5802088927406024	251.7743338408681	1.0	1.0
LIG_RuBisCO_WRxxL_1	0	20617	506	1245455	0.0596324655913047	-2.819555128533147	1.414928845937927	0.0037245260633096	0.95476065734341	0.0005639124164798	0.0015080385077074
LIG_SH2_CRK	316	20301	19105	1226856	0.999576875740596	-0.0004232138017326	0.0571574407193213	0.8936404216730521	1.1180715490070816	1.0	1.0
LIG_SH2_GRB2like	110	20507	3701	1242260	1.800462042952837	0.5880433224920957	0.0970086344409593	1.4887046791208824	2.177506132397049	2.6550574799236146e-08	1.1429698663573609e-07
LIG_SH2_NCK_1	170	20447	5091	1240870	2.026480888346593	0.7063007361740489	0.0782846780750829	1.738222026828392	2.3625432927731667	4.1913755440276543e-16	2.6901010309850217e-15
LIG_SH2_PTP2	92	20525	3659	1242302	1.5218415473301112	0.4199211458267662	0.1057940922830743	1.236846165783207	1.872505861481608	0.0001690339288207	0.0005099912553311
LIG_SH2_SFK_2	716	19901	36407	1209554	1.195304324732197	0.1784008180096986	0.0384082123020527	1.1086252363402456	1.2887605133724365	5.630857570258748e-06	2.007770426567008e-05
LIG_SH2_SFK_CTail_3	0	20617	12	1245949	2.4172659148781377	0.88263711423745	1.4422376035475224	0.1431090161140691	40.83023321587349	1.0	1.0
LIG_SH2_STAP1	292	20325	14956	1231005	1.1824877697827527	0.1676204986520319	0.0595107819489563	1.0523011799103972	1.3287805358204112	0.0056124418823079	0.0122295801509549
LIG_SH2_STAT3	118	20499	5999	1239962	1.1898133728826668	0.1737964653140403	0.0932247824564141	0.9911155933655164	1.4283458677945993	0.0679536386959835	0.1236476003076401
LIG_SH2_STAT5	742	19875	43376	1202585	1.0350541005778926	0.0344536964409978	0.0377082103244694	0.9613137929422894	1.1144508681645702	0.3580179657155083	0.5332503877534787
LIG_SH2_STAT6	0	20617	42	1245919	0.710943444675069	-0.3411623956969699	1.4225254714311908	0.0437478714601238	11.553489682056	1.0	1.0
LIG_SH3_1	244	20373	6631	1239330	2.238426176421413	0.8057730191161585	0.0655672092780918	1.968479247256102	2.545392212934367	6.33419611326957e-28	6.388489222811881e-27
LIG_SH3_2	198	20419	4573	1241388	2.6323101759447254	0.9678618545228554	0.0729311965194423	2.281690713900017	3.036808109079143	4.240180186119165e-31	5.161322778276087e-30
LIG_SH3_3	1840	18777	70374	1175587	1.6369452533401685	0.4928318545433617	0.0247344969000342	1.559479700983909	1.718258827442446	4.593960971119181e-78	1.2474370944654391e-76
LIG_SH3_4	88	20529	3225	1242736	1.6518250113943558	0.5018807441822248	0.1082738663662308	1.3359784785359294	2.042342681491469	1.7856580149707767e-05	6.119779410530914e-05
LIG_SH3_CIN85_PxpxPR_1	18	20599	662	1245299	1.6437736616141134	0.496994611738652	0.2389884487576849	1.028989499439583	2.6258692164379243	0.0464704251354737	0.0886705949882283
LIG_SH3_PxRPPK_7	0	20617	28	1245933	1.0601907338979193	0.0584488295766869	1.4265822879858885	0.0647221067580649	17.366622450109706	1.0	1.0
LIG_SH3_PxxDY_5	39	20578	400	1245561	5.901554937311692	1.7752158648857137	0.1679000419286161	4.246655715502991	8.201359613627826	2.882115642657014e-17	1.9565131189575495e-16
LIG_SH3_PxxPPRxxK_8	0	20617	13	1245948	2.2382073840543586	0.805675270500252	1.440181717409723	0.1330432659691559	37.65370804409482	1.0	1.0
LIG_SH3_PxxxRxxKP_6	9	20608	6	1245955	90.68965935559008	4.507443341311613	0.5270930707377045	32.27654878314738	254.81703044804132	3.66922355177911e-13	1.9047586967323907e-12
LIG_Sin3_1	0	20617	17	1245944	1.726611581700705	0.5461608646044476	1.434291519263981	0.1038247898908439	28.713639172275503	1.0	1.0
LIG_Sin3_2	0	20617	6	1245955	4.648610683605227	1.5365683972370037	1.4676155691899662	0.2618566353319901	82.52447473913097	1.0	1.0
LIG_Sin3_3	0	20617	773	1245188	0.0390399078734944	-3.243170877237816	1.414687997545483	0.0024395068947232	0.6247633118265177	5.605335604808502e-06	2.007770426567008e-05
LIG_SPRY_1	0	20617	12	1245949	2.4172659148781377	0.88263711423745	1.4422376035475224	0.1431090161140691	40.83023321587349	1.0	1.0
LIG_SUFU_1	0	20617	3	1245958	8.63315491347503	2.155610013430976	1.511874198071714	0.4458987303279202	167.1486341870644	1.0	1.0
LIG_SUMO_SIM_anti_2	135	20482	18476	1227485	0.4378946576719505	-0.8257769051305679	0.0866670047234252	0.3694853326950121	0.5189698054290947	8.82646468180548e-28	8.654838979659262e-27
LIG_SUMO_SIM_par_1	237	20380	27823	1218138	0.5091393946670522	-0.6750334400676958	0.0656143231958914	0.4476974929781595	0.5790135689113145	1.6769763065870728e-30	1.9732421207507888e-29
LIG_SxIP_EBH_1	24	20593	1880	1244081	0.7712273639772242	-0.259772053979672	0.2055430503734501	0.5154904854081597	1.153836324401426	0.2378298190834414	0.3714775492763488
LIG_TPR	0	20617	6	1245955	4.648610683605227	1.5365683972370037	1.4676155691899662	0.2618566353319901	82.52447473913097	1.0	1.0
LIG_TRAF2like_MATH_loPxQ_2	161	20456	7477	1238484	1.303671527896081	0.2651845359881753	0.0799663457686654	1.1145497350456242	1.5248843539291057	0.0014718063577416	0.0036079697519638
LIG_TRAF2like_MATH_shPxQ_1	25	20592	944	1245017	1.601196994801338	0.4707514712929876	0.2027527750348804	1.076113599838181	2.3824917894787023	0.0292892459292373	0.0580848528821391
LIG_TRAF3_MATH_PxP_3	15	20602	1750	1244211	0.5176519616680766	-0.6584521512126699	0.2593982226945509	0.3113390811375254	0.8606807485901277	0.008008125041534	0.0170198273007597
LIG_TRAF4_MATH_1	19	20598	1946	1244015	0.5896731160700003	-0.5281869361788774	0.2306399917914241	0.3752205396705353	0.9266933631112432	0.0197826892936987	0.0399045104038609
LIG_TRAF6_MATH_1	167	20450	8989	1236972	1.1237550268584178	0.1166757800826024	0.0784154271371238	0.9636583488404634	1.3104492498913929	0.1356521934305435	0.2227219733999156
LIG_Trf4_IWRxY_1	0	20617	36	1245925	0.8278148467437724	-0.1889657646462022	1.4238843230318723	0.0508040584018424	13.48863539737531	1.0	1.0
LIG_TRFH_1	17	20600	2212	1243749	0.4640121183658421	-0.7678446099291659	0.2435671502642252	0.2878728974821699	0.7479246843780832	0.0005488482907554	0.0014789576079135
LIG_TYR_ITAM	37	20580	545	1245416	4.10841486791309	1.413037277208886	0.1700331827080344	2.9440089445759816	5.733363262359375	5.114665969252673e-12	2.57925298163742e-11
LIG_TYR_ITIM	59	20558	8332	1237629	0.4262970877753126	-0.8526187866316496	0.1308381542445389	0.3298683745956761	0.5509143071640632	6.794671887974601e-14	3.690029502238514e-13
LIG_TYR_ITSM	16	20601	1488	1244473	0.6495524541297453	-0.4314716853476322	0.2514386364437406	0.3968124957438306	1.063268912122041	0.1012357422142341	0.1734767815612846
LIG_UBA3_1	223	20394	22114	1223847	0.6051489309867564	-0.502280684325142	0.0676710889555981	0.5299799948692249	0.6909793430311967	1.0177395571047037e-15	6.194173511344145e-15
LIG_UFM1_UFIM_1	0	20617	1	1245960	20.14406046643224	3.002909479006791	1.6330082583214578	0.8205448506983131	494.5289361452236	1.0	1.0
LIG_ULM_U2AF65_1	6	20611	213	1245748	1.702561397202779	0.5321338213591357	0.4140179016174942	0.756281766060505	3.8328509840248777	0.1769227110148809	0.2851767899006985
LIG_VCP_SHPBox_1	0	20617	247	1245714	0.1220611106824275	-2.1032334524280176	1.4156587545303112	0.0076127971569867	1.9570881022823767	0.0383400719434588	0.0743628867914339
LIG_VCP_VBM_3	0	20617	101	1245860	0.2976715820232585	-1.2117644739540094	1.4177099568997191	0.0184909105459326	4.791996074185762	0.4178960216484161	0.6045790804995528
LIG_VCP_VIM_2	12	20605	488	1245473	1.486356964130145	0.396328135570388	0.2922872704698988	0.8381527511097185	2.6358644315050137	0.1578316738167526	0.2555714718225398
LIG_Vh1_VBS_1	0	20617	930	1245031	0.0324487493766968	-3.428093376584067	1.414610899401179	0.0020279481930549	0.5192052438605537	3.9312276382033074e-07	1.5592397261637835e-06
LIG_WD40_WDR5_VDV_1	28	20589	3089	1242872	0.547181333616229	-0.6029750257990836	0.1899668110201852	0.3770754513323386	0.7940252031791634	0.000640748649164	0.0017006336327437
LIG_WD40_WDR5_VDV_2	2596	18021	181472	1064489	0.8450012547323876	-0.1684171667356661	0.0211458917630258	0.8106952107206206	0.8807590214633393	4.947025200847973e-16	3.118392671248812e-15
LIG_WD40_WDR5_WIN_1	0	20617	70	1245891	0.4285732959417007	-0.8472935031993946	1.419237014133645	0.0265427655902342	6.919967302198212	0.6327980325828386	0.8558532777844523
LIG_WD40_WDR5_WIN_2	0	20617	223	1245738	0.1351709482046078	-2.0012150186067528	1.4158119854532565	0.0084279095928658	2.1679379728988937	0.0565945432902317	0.1036696573847375
LIG_WD40_WDR5_WIN_3	0	20617	15	1245946	1.949403302080522	0.6675233268153633	1.4368595735564038	0.1166331853165617	32.58226399157447	1.0	1.0
LIG_WH1	0	20617	2	1245959	12.086426579362191	2.4920830526468167	1.549209251547401	0.5802088927406024	251.7743338408681	1.0	1.0
LIG_WRC_WIRS_1	160	20457	10850	1235111	0.8903367274370496	-0.1161555423756507	0.079949099840919	0.7612025618200874	1.0413778512882517	0.1506309103280674	0.2461699599342953
LIG_WRPW_1	0	20617	18	1245943	1.633279915055106	0.4905902108453464	1.4332143451502355	0.0984201316757326	27.104244177516826	1.0	1.0
LIG_WRPW_2	0	20617	181	1245780	0.1664557877461743	-1.7930255438853937	1.4161775831683885	0.0103710852756813	2.671613291925134	0.1282097343747407	0.2114861506274929
LIG_WW_1	18	20599	637	1245324	1.7083202664194808	0.535510587401927	0.2391124491072618	1.0691352959723095	2.7296434264715463	0.0298768195686068	0.058919091104571
LIG_WW_2	0	20617	464	1245497	0.0650266143685612	-2.732958641065005	1.4149919285661563	0.0040609318132282	1.0412537739401475	0.0012514211990352	0.0031109273468973
LIG_WW_3	52	20565	2105	1243856	1.4941446187945873	0.4015538817544735	0.140553402205734	1.1343606785608318	1.968040839272712	0.0062363676599187	0.013505753275775
MOD_AAK1BIKe_LxxQxTG_1	7	20610	261	1245700	1.621037289862266	0.4830662467222992	0.3830638111059564	0.7651075834784535	3.4344998688645227	0.2168846035950239	0.3417868976296582
MOD_ASX_betaOH_EGF	12	20605	676	1245285	1.0728294534129563	0.0702995073185217	0.2913107588348186	0.6061246748497243	1.8988882714528976	0.7620351256516102	0.9853421221795546
MOD_CAAXbox	0	20617	98	1245863	0.3067384601938007	-1.1817598156788622	1.4178157811950964	0.0190501796535518	4.938981399292014	0.4147405336198473	0.6045790804995528
MOD_CDC14_SPxK_1	216	20401	3039	1242922	4.330274927486714	1.4656310336446547	0.070770806133483	3.769416645792485	4.974584321568885	2.5975097855061302e-65	5.730755964272899e-64
MOD_CDK_SPK_2	296	20321	6777	1239184	2.6634524441079823	0.9796231925536028	0.0597992763684033	2.3688784395301017	2.9946572199086625	2.483185110604156e-46	3.9843833820148504e-45
MOD_CDK_SPxK_1	542	20075	8172	1237789	4.089422606976164	1.4084037882005531	0.0449222506996219	3.7447549346947584	4.465813531215997	5.703455038353302e-150	5.033299071346788e-148
MOD_CDK_SPxxK_3	434	20183	9915	1236046	2.680685864531169	0.9860726813821128	0.0495515936365835	2.4325778966507854	2.954099317514614	1.5415098723290532e-67	3.6276865662143725e-66
MOD_CK1_1	2544	18073	95332	1150629	1.698961234779692	0.5300170259372594	0.0214422868426342	1.629038793640245	1.7718849229084597	4.286582543409952e-119	2.521939396372855e-117
MOD_CK2_1	1890	18727	78322	1167639	1.5045908524563791	0.408521002407557	0.0244156425021796	1.434284822009699	1.5783431565031962	8.674685026792241e-57	1.7012021191431448e-55
MOD_CMANNOS	16	20601	984	1244977	0.982647854729603	-0.0175044582865401	0.2521222019641205	0.5994972005683581	1.6106777571092066	1.0	1.0
MOD_Cter_Amidation	165	20452	5035	1240926	1.988357946554832	0.6873091456256886	0.0794286888718722	1.701701980850684	2.323301828473721	4.559235926147643e-15	2.68235046988353e-14
MOD_DYRK1A_RPxSP_1	28	20589	1328	1244633	1.2745768152019414	0.2426142138706557	0.1910933563385365	0.8764034238455352	1.8536509712867664	0.1968708982222624	0.3116386864235814
MOD_GlcNHglycan	1226	19391	54930	1191031	1.3708935408324572	0.3154627468230121	0.0297703812228954	1.2931909899927347	1.4532649197522711	3.3037068764662368e-24	2.776686969982337e-23
MOD_GSK3_1	4175	16442	157220	1088741	1.7584038338649546	0.5644064849793076	0.017539093924889	1.6989830410008853	1.8199028291238604	1.4351353332573958e-203	1.688675908799536e-201
MOD_LATS_1	79	20538	6222	1239739	0.7664241811691096	-0.2660195011933882	0.1134391675214054	0.6136317603859458	0.9572614447324062	0.0165693964001325	0.034204660404952
MOD_LOK_YxT_1	0	20617	63	1245898	0.4758202696470871	-0.7427150808288244	1.4197877787244884	0.0294371108410795	7.6911396036556	0.6292850235419614	0.8558532777844523
MOD_NEK2_1	37	20580	3716	1242245	0.6010185905824732	-0.5091294121757977	0.1653648374120948	0.4346368198530536	0.8310923735082282	0.001190762028401	0.0029811276313869
MOD_NEK2_2	199	20418	14631	1231330	0.8202388346158414	-0.1981597194056647	0.0717165404885913	0.7126790224909662	0.9440319198120944	0.0049778860193957	0.0110515331122433
MOD_N-GLC_1	531	20086	37898	1208063	0.8427026399285857	-0.171141123506012	0.0442745918109222	0.7726575649349785	0.9190976333770428	8.424128348453677e-05	0.0002668411903249
MOD_N-GLC_2	14	20603	3034	1242927	0.2783733263464489	-1.278792165649176	0.2679692342275604	0.1646370599116724	0.4706820497326711	4.223771206708372e-09	1.8873306784405764e-08
MOD_NMyristoyl	0	20617	311	1245650	0.0969777618438418	-2.333273586104531	1.415365528106555	0.0060518575488692	1.5540164678856452	0.0116260580610957	0.0242840147666673
MOD_OFUCOSY	29	20588	3563	1242398	0.4911665242815477	-0.7109720553641965	0.1865818797809592	0.3407273983491203	0.7080280474763266	2.880884599407004e-05	9.685259653244498e-05
MOD_OGLYCOS	7	20610	194	1245767	2.180997363906021	0.7797822785557725	0.38478709033254	1.0259300648426577	4.636524130028817	0.0476654174648252	0.09046178690905
MOD_PIKK_1	965	19652	51607	1194354	1.1364360781743243	0.1278971182714223	0.0332771592100025	1.0646795759295191	1.2130287731392848	0.0001534986888371	0.0004753073435046
MOD_PK_1	269	20348	7380	1238581	2.218700099301956	0.7969214835332183	0.0624734001684978	1.962999418772744	2.5077083994859817	4.5432376022474735e-30	5.173428624494703e-29
MOD_PKA_1	767	19850	15252	1230709	3.117908979687018	1.1371625783195054	0.0376900054403747	2.895883273665333	3.356957268967742	2.7709173372915224e-148	1.956267640127815e-146
MOD_PKA_2	1631	18986	53268	1192693	1.923458248692687	0.6541247370701324	0.0261801949792162	1.8272489959857947	2.024733160391185	1.8761648835303391e-116	9.46123148408871e-115
MOD_PKB_1	389	20228	5970	1239991	3.994301636387064	1.3848687545222884	0.0528056924699626	3.601569048381766	4.429859693961142	1.0431386248966618e-105	4.091421495428018e-104
MOD_Plk_1	900	19717	59438	1186523	0.9111998645704308	-0.0929930154768854	0.034343788644175	0.8518823562380622	0.9746477164519942	0.0065246808222784	0.0140439776235628
MOD_Plk_2-3	455	20162	14143	1231818	1.965544093198623	0.6757690992066904	0.0481551515072168	1.7885138118082695	2.1600971470284365	3.4841517352058462e-37	4.730406009721783e-36
MOD_Plk_4	1193	19424	86733	1159228	0.8208924633232657	-0.1973631606625512	0.0300349454656169	0.7739626566526365	0.8706678940497996	1.5346601841912725e-11	7.524097847493322e-11
MOD_PRMT_GGRGG_1	0	20617	67	1245894	0.4476220758165707	-0.803805983348222	1.4194590941399987	0.0277104464738955	7.230685472610081	0.6307977417787863	0.8558532777844523
MOD_ProDKin_1	2780	17837	75962	1169999	2.400557336587521	0.8757009339723124	0.0207314892882865	2.304968971494354	2.500109805169362	0.0	0.0
MOD_SPalmitoyl_2	0	20617	0	1245961	60.43222990178246	4.101522570268241	2.0000123262317087	1.1990126313021832	3045.8848518848336	1.0	1.0
MOD_SPalmitoyl_4	0	20617	15	1245946	1.949403302080522	0.6675233268153633	1.4368595735564038	0.1166331853165617	32.58226399157447	1.0	1.0
MOD_SUMO_for_1	140	20477	7664	1238297	1.1046661089181682	0.0995431254340533	0.0855744129350787	0.9340897774380026	1.3063917855298433	0.2431837986198624	0.3781668762678918
MOD_SUMO_rev_2	529	20088	39725	1206236	0.799626820091033	-0.2236101350336748	0.0443412023065224	0.733066475515711	0.8722306540605043	2.1302735351153403e-07	8.643523653973736e-07
MOD_TYR_CSK	0	20617	14	1245947	2.083846581620066	0.7342155039163933	1.438407043339669	0.1242993759454755	34.93514382272086	1.0	1.0
MOD_TYR_DYR	33	20584	0	1245961	4055.4504845879183	8.30781705398892	1.4247456366327604	248.46838303353212	66192.23915794885	9.367839860346413e-60	1.945204394530755e-58
MOD_WntLipid	0	20617	21	1245940	1.4053770081298065	0.3403055999792722	1.4305806279267432	0.0851251773798561	23.20211946421467	1.0	1.0
TRG_AP2beta_CARGO_1	2	20615	647	1245314	0.1867330738972874	-1.678075094164971	0.7082336524284301	0.0465972825967778	0.7483106083430925	0.0028876671447086	0.0066623954384454
TRG_Cilium_Arf4_1	5	20612	4	1245957	75.5601712594605	4.324929309166745	0.6708571517274168	20.28839995196161	281.40905612455583	1.362777773502405e-07	5.795910289715047e-07
TRG_Cilium_RVxP_2	5	20612	1070	1244891	0.2822262596328062	-1.265046190622567	0.4483122774923049	0.1172158403376455	0.6795298433802459	0.0009714786802816	0.0024495141009959
TRG_DiLeu_BaEn_1	118	20499	10483	1235478	0.6784201872896344	-0.3879884377395828	0.092841591338531	0.5655492157193552	0.8138176797516704	1.076494557550797e-05	3.762401770449815e-05
TRG_DiLeu_BaEn_2	23	20594	4359	1241602	0.3181139117510244	-1.1453457472914028	0.2091818216964614	0.2111171433484001	0.479337960169995	3.189985279243868e-11	1.521709194017683e-10
TRG_DiLeu_BaEn_3	0	20617	1599	1244362	0.0188667316120863	-3.970355140110299	1.4144520145567514	0.0011794806215344	0.301788393317913	7.060334731349474e-12	3.5102790988258645e-11
TRG_DiLeu_BaEn_4	78	20539	5212	1240749	0.9040549628046032	-0.1008651208755649	0.1142885452462507	0.7226208044668074	1.131043239717816	0.4138819289102409	0.6045790804995528
TRG_DiLeu_BaLyEn_6	102	20515	11106	1234855	0.5528240724098915	-0.5927154611492012	0.0997171881885028	0.454680115563739	0.6721526729994302	7.522531514902566e-11	3.4940179273165863e-10
TRG_DiLeu_LyEn_5	9	20608	932	1245029	0.5834050966498281	-0.5388734854710978	0.3350125378599503	0.3025532270872771	1.1249640602868587	0.1202261384989052	0.2011366203322917
TRG_ENDOCYTIC_2	531	20086	34890	1211071	0.9176344256241584	-0.0859561968435226	0.0443002518608214	0.8413187392699074	1.0008726773651906	0.0526169660480437	0.0987967500795715
TRG_ER_diArg_1	468	20149	18146	1227815	1.5716085558270374	0.4520996527106611	0.0473529873415876	1.432308957227536	1.7244557749116765	3.9852526582366844e-19	2.9308212257448944e-18
TRG_ER_diLys_1	10	20607	354	1245607	1.707509022083714	0.535035596246046	0.3207400641921634	0.910633352711583	3.201713457798981	0.095022515990476	0.1660541987358318
TRG_ER_FFAT_1	0	20617	122	1245839	0.2466380106062068	-1.3998335614187427	1.4171141698760503	0.0153386830970849	3.9658103561281455	0.2738499352941448	0.4221354897765638
TRG_ER_FFAT_2	17	20600	349	1245612	2.9453645644977327	1.0802326004430045	0.2484717397053277	1.8098210819141067	4.793386763195324	0.0001367197728854	0.0004270980515802
TRG_ER_KDEL_1	0	20617	28	1245933	1.0601907338979193	0.0584488295766869	1.4265822879858885	0.0647221067580649	17.366622450109706	1.0	1.0
TRG_Golgi_diPhe_1	0	20617	3	1245958	8.63315491347503	2.155610013430976	1.511874198071714	0.4458987303279202	167.1486341870644	1.0	1.0
TRG_LysEnd_GGAAcLL_1	0	20617	25	1245936	1.1849219086203655	0.1696768725171752	1.4280283580410384	0.0721319131454676	19.46489242143098	1.0	1.0
TRG_LysEnd_GGAAcLL_2	0	20617	2	1245959	12.086426579362191	2.4920830526468167	1.549209251547401	0.5802088927406024	251.7743338408681	1.0	1.0
TRG_NES_CRM1_1	121	20496	16616	1229345	0.436780814260833	-0.8283237789116311	0.0915109240212045	0.3650630538690166	0.5225877493886485	2.6196345822137463e-25	2.3118275188036312e-24
TRG_NESrev_CRM1_2	51	20566	18754	1227207	0.1622722495657213	-1.8184798014237988	0.1403944582101496	0.1232361384260484	0.2136733860329551	3.628141475752226e-74	9.148099578146685e-73
TRG_NLS_Bipartite_1	432	20185	7771	1238190	3.410086349956762	1.22673761354278	0.0499384396165041	3.0921241189864648	3.760744545394601	2.503980766631681e-96	8.035501914736212e-95
TRG_NLS_MonoCore_2	155	20462	2878	1243083	3.271846764344069	1.185354585230647	0.0827571866919451	2.781945489506322	3.8480197723962	3.9228454653991385e-34	5.1287572195773916e-33
TRG_NLS_MonoExtC_3	220	20397	5862	1240099	2.2817440573634173	0.8249400879909113	0.0690353387229608	1.992979637350482	2.61234778606907	2.321268159569966e-26	2.1563359482321003e-25
TRG_NLS_MonoExtN_4	364	20253	9114	1236847	2.4390403029935523	0.8916046434898574	0.0539180671365781	2.1944363642762363	2.710909141167526	3.894126021807921e-48	6.5458404080866475e-47
TRG_Oom_RxLR_1	54	20563	4150	1241811	0.7858048231441547	-0.241046833999095	0.1371456112523786	0.6005843193670182	1.0281474227089626	0.08687713326652	0.1525752638959282
TRG_Pf-PMV_PEXEL_1	271	20346	20347	1225614	0.8023125374574198	-0.2202570494501721	0.06155607055685	0.7111250769222015	0.9051929521981776	0.0002473966918531	0.0007158281329848
TRG_PTS1	0	20617	168	1245793	0.1792999450569022	-1.718695204802205	1.4163276539303655	0.0111680594860234	2.8786084402255447	0.1214682719518374	0.2022561320707482
TRG_PTS2	0	20617	335	1245626	0.0900387206692331	-2.407515471515969	1.4152843994145017	0.0056197230572036	1.442592657543919	0.0079159654732713	0.0169353685579684
